id;first_name;last_name;email;phone_number;c_v;c_v_content_type;mentions;expected_salary_eur;company_id
1;Twila;Cummings;~RGtBG&[F~zVeNd!I~eU3!r)^i~MisZ5ZsL7(u+~\C}Px2N&N3y>$s)`?f]k\3MEI]wktc$*)/#;(/F>*uv,<w^;5|T7$D=P@LB??^Ip0X.rzpbZu8wXcA.#"-aWHL?$b|,L6PN}d%uhg+cK,c3mnf1p=]L[,SNrv*K6r'z]c]`C9L,{LY\8)u&L6Gh`7.h+ZFDnILd.()nf+4s1?+Z]d8;KwvYj8/Ep`%JTi5s99QVhKp1CcJ1r/Rmr-ME]xUQUV]WtV7{JO`4k%|.~|^;robust Engineer;../fake-data/blob/hipster.png;image/png;Exclusive Moroccan Dirham card;14808;1
2;Eddie;Zieme;x)Vx^R(R$"r;yEKZkU{!vUO_TE~JhB,B[&cb0-c?.q`!S.Gv7t.EZW\yHEeDo}9=)hT3(Vsd,,q=|i_?SH;I<~XS26D4^M^@Kn4eKY+Bf:+)oNs3={0V._k""P1"$0kxM+u[=r-VjjE>?M{|9q+"]W*u+!9%P,2GE:~k\;1CMjkD},h6Z(iFBV;Home;../fake-data/blob/hipster.png;image/png;Investor Public-key;14489;2
3;Justine;Kuhn;*vKn-[YsjCA3mlP@Vc-9#W8!DrOZ'r0{n/z=g:C(et](!OA+M/n1-ujhiq.yxhdsVR5h69k4|cG-p*}'hOnvzjY8-V46EdC:^J*_e-DtHt!Ow-"HM.oP9%RP]|a)8d`H#!-"]+5gBOJGG4*Onk;Handmade 24/7 Re-contextualized;../fake-data/blob/hipster.png;image/png;web-enabled invoice withdrawal;53577;3
4;Raymundo;Borer;*#}s}G1jgk,b|QY|UwX^D)^_.y[P2@kUV:Ts.GJsOi,WUGZ/Ur1^ZIjC%F7-$~9|S'A5g-]rAq[mEc/*(^E-T;l<7hMZ_ZMDe~H%3;ZzYxpQ_qhE?5i`dG4f-!["ym0mQ"7>5;Argentine Peso;../fake-data/blob/hipster.png;image/png;Kentucky Algerian Dinar Clothing;51209;4
5;Raleigh;Fahey;<M,*Ydz9Yk>iC"zCjAZ}C7^R_s1qj'6qP"|LDrKm%</X<R]j2FShwI.$Oc<(DE}@cr*m*$cH30/pM^D09$s)Ev+CI!_1B=5g(bB)HN}.J,wDfR>Y}KDcR'~Dl^=wGEf1Ocdcvq9DzG`7E:tz;(#KF0,J-V(C+[0,+:;xmS6pO|qEv^7LqynI);disintermediate Cambridgeshire hacking;../fake-data/blob/hipster.png;image/png;bricks-and-clicks Concrete Global;87733;5
6;Maurice;Gerhold;DNfqIOG0YbgiV0)_k(Kn!/n@xOILdu#<p`Lg*4EW7V[>A)O!#Hpdlo6A]|/';!?47,n)5FcT95ma~$r:!,oV|r9P?AKvf.54I.y,^HO*/x($%`UWwz=!3?DqJ_+)rXx'\D#*an=YjIBb!Iv!t.}viVq|3,;Equatorial Guinea Vision-oriented;../fake-data/blob/hipster.png;image/png;Agent;55829;6
7;Stephan;Tillman;S}EEEADa>mf/0656[f\Ao:b<\|(-F]95wN;N!Gr%hey1AM+CPeSY0L_5pudRRGU2Q{oV5mrfpT@`1RwNxdd53/>vsKn%FiOg5JihyQ[nW&?[K;c{k!_A.EP6>1m5.,UHGy&3sL&|CW5j'Ad7U`tI&vE`c8_1CVeMSri3?uMD;N;.J;=Uubi4W#,(nZ2K2yKb)H~ihQ<;bus Internal AI;../fake-data/blob/hipster.png;image/png;THX bypassing Marketing;78534;7
8;Stanford;Ortiz;Hi%yi=eax!:l2O7?x%zo*%\@`5Z>Z7hUw(i+r0h,aQq.""t:IB2n<V^nqa18*5UANZ'G!q1C)t%xd.*&lO9E+em{77Bm~TjGS+5\a0"1&9\+3wn5c*=;invoice Home Gloves;../fake-data/blob/hipster.png;image/png;Buckinghamshire Ports;99445;8
9;Dana;Dare;9-%XxiTMZ[y'chzV;`!xSkCT0U)?2~|/`ok:lloUvOrkFd|g:p%tQ#B+<xANFfW\KELw"gQ~:74MZaY<?H@Sia\r"w&%HIb<1W&qQ#PNn.z-ID8|=!*?WT#mZ`~<1sE=pC5`]L?9}6[8dE%2X?A!PbT0tn->V.u^R;navigate;../fake-data/blob/hipster.png;image/png;program alarm;30806;9
10;Kenyon;Littel;r|V'Zm7uZc?{tlwUBY.0BsIDL4o?k*4Q#(\=(e`nrM%(1ou;&@ny2gw8?M0LvU?RA0b3w~1Q*&2FwpWYC}(8>mS\+`u0-fCW"k*T[9CGx0%_u$OsT-G2C7.p/g[vdOwqr(VMR?OS`B\t(w2O~??qFs3BIk#!Psb)ZBo3*M?eRHsSlebIv7aKESiik;Persevering;../fake-data/blob/hipster.png;image/png;Coordinator Cambridgeshire Investor;43439;10
